<?xml version="1.0" encoding="UTF-8"?>
<project-private xmlns="http://www.netbeans.org/ns/project-private/1">
    <editor-bookmarks xmlns="http://www.netbeans.org/ns/editor-bookmarks/2" lastBookmarkId="0"/>
    <open-files xmlns="http://www.netbeans.org/ns/projectui-open-files/2">
        <group>
            <file>file:/D:/PRO192%20FA2024/AntiqueShop/src/DTO/Item.java</file>
            <file>file:/D:/PRO192%20FA2024/AntiqueShop/src/DTO/Painting.java</file>
            <file>file:/D:/PRO192%20FA2024/AntiqueShop/src/DTO/Statue.java</file>
            <file>file:/D:/PRO192%20FA2024/AntiqueShop/src/GUI/AntiqueShop2.java</file>
            <file>file:/D:/PRO192%20FA2024/AntiqueShop/src/DTO/ItemList.java</file>
            <file>file:/D:/PRO192%20FA2024/AntiqueShop/src/GUI/AntiqueShop.java</file>
            <file>file:/D:/PRO192%20FA2024/AntiqueShop/src/DTO/Vase.java</file>
        </group>
    </open-files>
</project-private>
